PRAGMA foreign_keys = on;

-- Table: Pais
INSERT INTO Pais VALUES ('Portugal');
INSERT INTO Pais VALUES ('Espanha');
INSERT INTO Pais VALUES ('Austrália');
INSERT INTO Pais VALUES ('USA');

-- Table: Pessoa

INSERT INTO Pessoa VALUES (289443867,'Aileen Cohen','4189 Id Road','F','1988-08-26','Portugal');
INSERT INTO Pessoa VALUES (440925049,'Garth George','Ap #626-9050 Nec Avenue','M','1984-03-05','Espanha');
INSERT INTO Pessoa VALUES (586010744,'Louis Raymond','759-2197 Sodales Avenue','M','1984-06-07','Portugal');
INSERT INTO Pessoa VALUES (482036360,'Breanna Hill','Ap #774-9530 Arcu. Street','F','1983-08-22','Portugal');
INSERT INTO Pessoa VALUES (342938934,'Christopher Burke','4843 Pellentesque Rd.','M','1987-08-25','Portugal');
INSERT INTO Pessoa VALUES (337159639,'Julie Carroll','2578 Urna Rd.','F','1984-06-19','Portugal');
INSERT INTO Pessoa VALUES (812457849,'Ayanna Carver','292-7022 Nunc Road','F','1981-02-11','Portugal');
INSERT INTO Pessoa VALUES (706734793,'Reagan Reed','833-6141 Pharetra Road','M','1987-09-09','Portugal');
INSERT INTO Pessoa VALUES (774198838,'Kameko Hogan','P.O. Box 765, 7516 Nisl St.','M','1990-02-11','Portugal');
INSERT INTO Pessoa VALUES (647032341,'Nehru Griffith','P.O. Box 649, 1964 Eu Rd.','F','1981-07-15','Portugal');
INSERT INTO Pessoa VALUES (192724629,'Bradley Ortega','P.O. Box 828, 6173 Vestibulum Rd.','M','1983-11-12','Espanha');
INSERT INTO Pessoa VALUES (649135007,'Georgia Sears','3272 Arcu. St.','F','1987-08-25','Austrália');
INSERT INTO Pessoa VALUES (848746634,'Kiara Jarvis','642-5159 Vivamus Avenue','F','1988-12-12','Portugal');
INSERT INTO Pessoa VALUES (689595583,'Alma Swanson','P.O. Box 427, 9726 Vulputate Ave','F','1981-06-14','Portugal');
INSERT INTO Pessoa VALUES (327760545,'Rudyard Hull','P.O. Box 402, 8601 Consequat Rd.','M','1987-04-10','Portugal');
INSERT INTO Pessoa VALUES (650317465,'Helen Johns','Ap #928-9958 Libero. Ave','F','1981-01-04','Portugal');
INSERT INTO Pessoa VALUES (687667012,'Scarlet Hewitt','P.O. Box 322, 9776 Egestas Rd.','F','1980-04-10','Portugal');
INSERT INTO Pessoa VALUES (687032777,'Macy Day','Ap #111-1051 Urna, St.','F','1989-08-07','Austrália');
INSERT INTO Pessoa VALUES (842725632,'Laith Soto','2416 Ultricies Rd.','F','1985-11-26','Austrália');
INSERT INTO Pessoa VALUES (345776988,'Maxwell Kidd','P.O. Box 751, 8581 Congue. Street','M','1989-04-03','Portugal');
INSERT INTO Pessoa VALUES (759497796,'Dillon Huber','267-715 Phasellus Rd.','F','1988-11-27','Portugal');
INSERT INTO Pessoa VALUES (664020282,'Willow Houston','Ap #933-7342 A, Road','M','1984-06-02','Portugal');
INSERT INTO Pessoa VALUES (452873720,'Pascale Robles','354-9065 Nisi. Rd.','M','1987-04-07','Espanha');
INSERT INTO Pessoa VALUES (279968674,'Mason Patterson','3425 Suscipit Avenue','M','1980-03-10','Portugal');
INSERT INTO Pessoa VALUES (384917137,'Holly Anderson','Ap #294-9531 Sed St.','F','1984-11-24','Portugal');
INSERT INTO Pessoa VALUES (402135087,'Roary Lambert','Ap #434-5438 Eget Avenue','M','1988-10-17','Portugal');
INSERT INTO Pessoa VALUES (268054936,'Emily Atkinson','571-6782 Erat Av.','F','1990-01-31','Portugal');
INSERT INTO Pessoa VALUES (702765534,'Lacota Bowen','Ap #625-5475 Nullam St.','F','1980-04-26','Portugal');
INSERT INTO Pessoa VALUES (867567309,'Justin James','Ap #588-7150 Orci, Ave','M','1983-04-03','Portugal');
INSERT INTO Pessoa VALUES (719370836,'Zephania Swanson','Ap #338-6026 Ultrices. Road','F','1980-05-16','Espanha');
INSERT INTO Pessoa VALUES (214316401,'Baxter Wood','988-6254 Nisi Rd.','M','1985-04-13','Portugal');
INSERT INTO Pessoa VALUES (331316563,'Eleanor Tran','Ap #573-5923 Tempus Street','F','1983-02-25','Portugal');
INSERT INTO Pessoa VALUES (690549936,'Kenneth Sweeney','131-5183 Magna. St.','M','1989-12-15','Portugal');
INSERT INTO Pessoa VALUES (211331354,'Felix Holloway','8564 Fringilla Ave','M','1987-09-26','Espanha');
INSERT INTO Pessoa VALUES (337070355,'Grady Waller','6338 Morbi St.','M','1989-12-01','Austrália');
INSERT INTO Pessoa VALUES (393744021,'Finn Osborn','Ap #731-2522 Vulputate Av.','M','1986-08-23','Espanha');
INSERT INTO Pessoa VALUES (837133825,'Sawyer Bray','555-1353 Mauris St.','M','1985-06-18','Espanha');
INSERT INTO Pessoa VALUES (493487597,'Idola Battle','208-4733 Arcu. Rd.','F','1986-06-01','Portugal');
INSERT INTO Pessoa VALUES (560717123,'Cynthia Floyd','Ap #726-8461 Sodales Road','F','1987-04-07','Espanha');
INSERT INTO Pessoa VALUES (883870725,'Ignatius Holland','1787 Rutrum St.','M','1986-11-01','Portugal');
INSERT INTO Pessoa VALUES (110095596,'Charde Camacho','602-9318 Luctus, Ave','M','1981-05-19','Portugal');
INSERT INTO Pessoa VALUES (149612512,'Adrian Mcintosh','P.O. Box 712, 2289 Turpis Rd.','M','1984-07-31','Portugal');
INSERT INTO Pessoa VALUES (872715048,'Adele Porter','Ap #382-9513 Id, St.','F','1981-11-08','Portugal');
INSERT INTO Pessoa VALUES (350679118,'Chase Mathis','Ap #162-1612 Condimentum. Rd.','M','1980-08-11','Portugal');
INSERT INTO Pessoa VALUES (520382478,'Ishmael Stevens','4315 Et St.','M','1986-12-18','Portugal');
INSERT INTO Pessoa VALUES (162374251,'Harlan Slater','309-9090 Ornare Av.','M','1988-05-29','Espanha');
INSERT INTO Pessoa VALUES (566223289,'Michael Conley','672 Iaculis Road','M','1981-08-30','Portugal');
INSERT INTO Pessoa VALUES (767248358,'Nita Ross','Ap #132-1232 Risus. Rd.','F','1982-05-02','Portugal');
INSERT INTO Pessoa VALUES (581963682,'Cheryl Holland','8479 Auctor St.','F','1989-12-26','Portugal');
INSERT INTO Pessoa VALUES (246457932,'Pamela Vinson','P.O. Box 999, 9547 Varius. Street','F','1985-11-06','Portugal');
INSERT INTO Pessoa VALUES (182734034,'Chadwick Prince','1359 Tincidunt, Rd.','M','1982-10-30','Espanha');
INSERT INTO Pessoa VALUES (580495453,'Harriet','P.O. Box 474, 9858 Vitae Street','F', '1992-08-31','USA');
INSERT INTO Pessoa VALUES (730906404,'Kiayada','203-2903 Blandit Street','F', '1991-04-29','USA');
INSERT INTO Pessoa VALUES (659652361,'Inez','618-8383 Lacus. Av.','F', '1992-07-13','USA');
INSERT INTO Pessoa VALUES (658211344,'Kaye','734 Eget Av.','F', '1992-08-10','USA');
INSERT INTO Pessoa VALUES (521672026,'Maite','Ap #698-3352 Phasellus St.','F', '1992-01-22','USA');
INSERT INTO Pessoa VALUES (526542558,'Rowan','149-6677 Magna. St.','F', '1991-08-06','USA');
INSERT INTO Pessoa VALUES (587215721,'Maite','P.O. Box 946, 9126 Semper St.','F', '1995-10-11','USA');
INSERT INTO Pessoa VALUES (793638147,'Vanna','P.O. Box 707, 3398 Egestas. Avenue','F', '1996-01-15','USA');
INSERT INTO Pessoa VALUES (774540744,'Tanya','Ap #214-6248 Tristique Rd.','F', '1992-11-30','USA');
INSERT INTO Pessoa VALUES (232493475,'Blossom','Ap #565-3749 Et Street','F', '1996-03-07','USA');
INSERT INTO Pessoa VALUES (755367564,'Lilah','Ap #114-5343 Risus St.','F', '1994-08-21','USA');
INSERT INTO Pessoa VALUES (640708342,'Roanna','448-7704 Molestie Road','F', '1991-07-25','USA');
INSERT INTO Pessoa VALUES (490527968,'Stephanie','314-3944 Interdum Avenue','F', '1992-08-05','USA');
INSERT INTO Pessoa VALUES (108129603,'Flavia','652-6148 Et Avenue','F', '1992-01-21','USA');
INSERT INTO Pessoa VALUES (289263623,'Candice','7169 Id St.','F', '1991-04-02','USA');
INSERT INTO Pessoa VALUES (483170880,'Cassandra','9371 Convallis Av.','F', '1995-09-28','USA');
INSERT INTO Pessoa VALUES (621835513,'Rinah','P.O. Box 819, 9172 Curabitur Road','F', '1993-10-13','USA');
INSERT INTO Pessoa VALUES (367495105,'Tara','P.O. Box 511, 1789 Risus. St.','F', '1991-03-28','USA');
INSERT INTO Pessoa VALUES (126998646,'Hillary','Ap #573-3738 Odio. Avenue','F', '1995-11-23','USA');
INSERT INTO Pessoa VALUES (673120474,'Eliana','Ap #932-8809 Ac Rd.','F', '1992-01-19','USA');
INSERT INTO Pessoa VALUES (677140718,'Kelsey','7794 At, Av.','F', '1994-04-23','USA');
INSERT INTO Pessoa VALUES (609549325,'Brenda','250-2781 Libero St.','F', '1994-10-26','USA');
INSERT INTO Pessoa VALUES (502483615,'Bertha','Ap #340-3927 Erat. St.','F', '1992-03-04','USA');
INSERT INTO Pessoa VALUES (399999970,'Deirdre','4758 Suspendisse St.','F', '1993-12-14','USA');
INSERT INTO Pessoa VALUES (473629983,'Rhoda','3818 Sem Road','F', '1993-12-14','USA');
INSERT INTO Pessoa VALUES (616046791,'Dai','Ap #328-9108 Sit St.','F', '1993-08-19','USA');
INSERT INTO Pessoa VALUES (221811950,'Melyssa','Ap #272-6305 Nunc St.','F', '1995-03-09','USA');
INSERT INTO Pessoa VALUES (376072462,'Eve','P.O. Box 816, 8052 Orci. Road','F', '1993-04-15','USA');
INSERT INTO Pessoa VALUES (821182407,'Gloria','442-4649 Ipsum. Avenue','F', '1991-04-18','USA');
INSERT INTO Pessoa VALUES (186799484,'Emily','P.O. Box 373, 1504 Ut Street','F', '1994-08-06','USA');
INSERT INTO Pessoa VALUES (692598630,'Cara','P.O. Box 758, 1961 In Street','F', '1992-08-03','USA');

-- Table: Equipa
INSERT INTO Equipa VALUES('Gold', 'Freixieiro');
INSERT INTO Equipa VALUES('Silver', 'Amadora');
INSERT INTO Equipa VALUES('Bronze', 'Vila Franca de Xira');
INSERT INTO Equipa VALUES('ON', 'USA');
INSERT INTO Equipa VALUES('Dedicated Division', 'Belgic');
INSERT INTO Equipa VALUES('Nike', 'USA');
INSERT INTO Equipa VALUES('USN', 'England');
INSERT INTO Equipa VALUES('Prozis', 'Portugal');
INSERT INTO Equipa VALUES('Gymshark', 'USA');

-- Table: Treinador
INSERT INTO Treinador VALUES(872715048, 25-10-1994, 'ON');
INSERT INTO Treinador VALUES(350679118, 11-03-1992, 'Dedicated Division');
INSERT INTO Treinador VALUES(520382478, 13-02-2010, 'USN');
INSERT INTO Treinador VALUES(162374251, 14-08-2015, NULL);
INSERT INTO Treinador VALUES(566223289, 15-12-1997, NULL);

-- Table: TipoDePatrocinio
INSERT INTO TipoDePatrocinio VALUES('Sapatilhas');
INSERT INTO TipoDePatrocinio VALUES('Suplementos');
INSERT INTO TipoDePatrocinio VALUES('Roupa');
INSERT INTO TipoDePatrocinio VALUES('Dinheiro');

-- Table: Patrocinio
INSERT INTO Patrocinio VALUES('Nike', 4,'Sapatilhas');
INSERT INTO Patrocinio VALUES('Prozis', 10,'Suplementos');
INSERT INTO Patrocinio VALUES('4Invictus', 8,'Roupa');
INSERT INTO Patrocinio VALUES('Gymshark', 5,'Roupa');
INSERT INTO Patrocinio VALUES('Gold', 2,'Dinheiro');
INSERT INTO Patrocinio VALUES('USN', 8,'Suplementos');
INSERT INTO Patrocinio VALUES('ON', 9,'Suplementos');
INSERT INTO Patrocinio VALUES('Dedicated Division', 17,'Roupa');




-- Table: Campeonato

INSERT INTO Campeonato VALUES (1,'Nacional', '2017-07-10', '2017-07-12', 'Portugal');
INSERT INTO Campeonato VALUES (2,'Regional', '2017-08-21', '2017-08-23', 'Portugal');

-- Table: Categoria
INSERT INTO Categoria VALUES ('Men´s Physique',10, 155, 195, 65, 95, 'M');
INSERT INTO Categoria VALUES ('Men´s Classic',10, 186, 195, 86, 95, 'M');
INSERT INTO Categoria VALUES ('Culturismo Master',10, 196, 205, 96, 105, 'M');
INSERT INTO Categoria VALUES ('Women´s Physique',10, 145, 170, 45, 65, 'F');
INSERT INTO Categoria VALUES ('Women´s Bikini Fitness',10, 145, 175, 50, 75, 'F');
INSERT INTO Categoria VALUES ('Women´s Classic',10, 176, 185, 76, 85, 'F');

-- Table: DataCat
INSERT INTO DataCat VALUES('Men´s Physique', 1, 10, '15:00', 11, '15:00');
INSERT INTO DataCat VALUES('Men´s Physique', 2, 21, '15:00', 22, '15:00');
INSERT INTO DataCat VALUES('Women´s Physique',1, 10, '18:00', 11, '18:00');
INSERT INTO DataCat VALUES('Women´s Physique', 2, 21, '18:00', 22, '18:00');
INSERT INTO DataCat VALUES('Women´s Bikini Fitness', 1, 10, '17:00', 11, '17:00');
INSERT INTO DataCat VALUES('Women´s Bikini Fitness', 2, 21, '17:00', 22, '17:00');

-- Table: Juri
INSERT INTO Juri VALUES (1);
INSERT INTO Juri VALUES (2);



-- Table: Jurado
INSERT INTO Jurado VALUES (767248358, 1);
INSERT INTO Jurado VALUES (581963682, 1);
INSERT INTO Jurado VALUES (246457932, 1);
INSERT INTO Jurado VALUES (692598630, 1);
INSERT INTO Jurado VALUES (186799484, 2);
INSERT INTO Jurado VALUES (821182407, 2);
INSERT INTO Jurado VALUES (376072462, 2);
INSERT INTO Jurado VALUES (221811950, 2);




-- Table: Premio
INSERT INTO Premio VALUES(1, 'Men´s Physique', 5000);
INSERT INTO Premio VALUES(1, 'Women´s Physique', 4500);
INSERT INTO Premio VALUES(1, 'Women´s Bikini Fitness', 4000);
INSERT INTO Premio VALUES(2, 'Men´s Physique', 3000);
INSERT INTO Premio VALUES(2, 'Women´s Physique', 2000);
INSERT INTO Premio VALUES(2, 'Women´s Bikini Fitness', 1000);



-- Table: Atleta

INSERT INTO Atleta VALUES (580495453,160,62,NULL,NULL,'Women´s Physique');
INSERT INTO Atleta VALUES (730906404,150,58,'Gold',NULL,'Women´s Physique');
INSERT INTO Atleta VALUES (659652361,145,65,NULL,NULL,'Women´s Physique');
INSERT INTO Atleta VALUES (658211344,155,55,NULL,NULL,'Women´s Physique');
INSERT INTO Atleta VALUES (521672026,167,49,'Prozis',NULL,'Women´s Physique');
INSERT INTO Atleta VALUES (526542558,166,52,'Nike',NULL,'Women´s Physique');
INSERT INTO Atleta VALUES (587215721,162,53,'ON',NULL,'Women´s Physique');
INSERT INTO Atleta VALUES (793638147,150,55,'USN',NULL,'Women´s Physique');
INSERT INTO Atleta VALUES (774540744,153,54,'Dedicated Division',NULL,'Women´s Physique');
INSERT INTO Atleta VALUES (232493475,157,69,'Gymshark',NULL,'Women´s Physique');

INSERT INTO Atleta VALUES (755367564,160,52,'ON',NULL,'Women´s Bikini Fitness');
INSERT INTO Atleta VALUES (640708342,166,54,'Nike',NULL,'Women´s Bikini Fitness');
INSERT INTO Atleta VALUES (490527968,153,54,'USN',NULL,'Women´s Bikini Fitness');
INSERT INTO Atleta VALUES (108129603,152,55,NULL,NULL,'Women´s Bikini Fitness');
INSERT INTO Atleta VALUES (289443867,151,58,NULL,NULL,'Women´s Bikini Fitness');
INSERT INTO Atleta VALUES (482036360,169,60,NULL,NULL,'Women´s Bikini Fitness');
INSERT INTO Atleta VALUES (337159639,172,61,NULL,NULL,'Women´s Bikini Fitness');
INSERT INTO Atleta VALUES (812457849,153,66,NULL,NULL,'Women´s Bikini Fitness');
INSERT INTO Atleta VALUES (647032341,150,65,NULL,NULL,'Women´s Bikini Fitness');
INSERT INTO Atleta VALUES (842725632,162,64,NULL,NULL,'Women´s Bikini Fitness');

INSERT INTO Atleta VALUES (440925049,175,62,'Gold',NULL,'Men´s Physique');
INSERT INTO Atleta VALUES (586010744,180,62,'Nike',NULL,'Men´s Physique');
INSERT INTO Atleta VALUES (342938934,185,62,'ON',NULL,'Men´s Physique');
INSERT INTO Atleta VALUES (706734793,172,62,'ON',NULL,'Men´s Physique');
INSERT INTO Atleta VALUES (774198838,192,62,'USN',NULL,'Men´s Physique');
INSERT INTO Atleta VALUES (192724629,183,62,'USN',NULL,'Men´s Physique');
INSERT INTO Atleta VALUES (327760545,176,62,'Dedicated Division',NULL,'Men´s Physique');
INSERT INTO Atleta VALUES (664020282,169,62,'Gymshark',NULL,'Men´s Physique');
INSERT INTO Atleta VALUES (452873720,172,62,'Prozis',NULL,'Men´s Physique');
INSERT INTO Atleta VALUES (279968674,176,62,'Prozis',NULL,'Men´s Physique');
INSERT INTO Atleta VALUES (402135087,182,62,'Gold',NULL,'Men´s Physique');
INSERT INTO Atleta VALUES (867567309,189,62,NULL,NULL,'Men´s Physique');
INSERT INTO Atleta VALUES (214316401,174,62,'Gymshark',NULL,'Men´s Physique');
INSERT INTO Atleta VALUES (690549936,176,62,'Nike',NULL,'Men´s Physique');
INSERT INTO Atleta VALUES (211331354,177,62,NULL,NULL,'Men´s Physique');
INSERT INTO Atleta VALUES (337070355,178,62,NULL,NULL,'Men´s Physique');
INSERT INTO Atleta VALUES (837133825,179,62,'Gold',NULL,'Men´s Physique');
INSERT INTO Atleta VALUES (393744021,172,62,NULL,NULL,'Men´s Physique');
INSERT INTO Atleta VALUES (883870725,173,62,'Gold',NULL,'Men´s Physique');
INSERT INTO Atleta VALUES (149612512,175,62,'Gold',NULL,'Men´s Physique');


-- Table: AtletaPatrocinio
INSERT INTO AtletaPatrocinio VALUES (755367564, 'Gold');
INSERT INTO AtletaPatrocinio VALUES (640708342, 'Gold');
INSERT INTO AtletaPatrocinio VALUES (490527968, 'Gold');
INSERT INTO AtletaPatrocinio VALUES (108129603, 'Nike');
INSERT INTO AtletaPatrocinio VALUES (289443867, 'Nike');
INSERT INTO AtletaPatrocinio VALUES (482036360, 'Nike');
INSERT INTO AtletaPatrocinio VALUES (337159639, 'Nike');
INSERT INTO AtletaPatrocinio VALUES (812457849, 'Nike');
INSERT INTO AtletaPatrocinio VALUES (647032341, 'Prozis');
INSERT INTO AtletaPatrocinio VALUES (580495453, 'Prozis');
INSERT INTO AtletaPatrocinio VALUES (659652361, 'Prozis');
INSERT INTO AtletaPatrocinio VALUES (440925049, 'Dedicated Division');
INSERT INTO AtletaPatrocinio VALUES (149612512, 'Dedicated Division');
INSERT INTO AtletaPatrocinio VALUES (883870725, 'Dedicated Division');
INSERT INTO AtletaPatrocinio VALUES (393744021, 'Gymshark');
INSERT INTO AtletaPatrocinio VALUES (837133825, 'Gymshark');
INSERT INTO AtletaPatrocinio VALUES (337070355, 'Gymshark');
INSERT INTO AtletaPatrocinio VALUES (211331354, 'USN');
INSERT INTO AtletaPatrocinio VALUES (690549936, 'USN');
INSERT INTO AtletaPatrocinio VALUES (214316401, 'Gymshark');
INSERT INTO AtletaPatrocinio VALUES (690549936, 'ON');
INSERT INTO AtletaPatrocinio VALUES (402135087, 'ON');
INSERT INTO AtletaPatrocinio VALUES (327760545, '4Invictus');
INSERT INTO AtletaPatrocinio VALUES (664020282, '4Invictus');
INSERT INTO AtletaPatrocinio VALUES (774198838, '4Invictus');






-- Table: Classificacao
-- Eliminatoria
INSERT INTO Classificacao VALUES(580495453, 1, 2, 'Eliminatoria');
INSERT INTO Classificacao VALUES(730906404, 2, 0,'Eliminatoria');
INSERT INTO Classificacao VALUES(659652361, 1, 1,'Eliminatoria');
INSERT INTO Classificacao VALUES(658211344, 2, 5,'Eliminatoria');
INSERT INTO Classificacao VALUES(521672026, 1, 0,'Eliminatoria');
INSERT INTO Classificacao VALUES(526542558, 2, 2,'Eliminatoria');
INSERT INTO Classificacao VALUES(587215721, 1, 4,'Eliminatoria');
INSERT INTO Classificacao VALUES(793638147, 2, 5,'Eliminatoria');
INSERT INTO Classificacao VALUES(774540744, 1, 3,'Eliminatoria');
INSERT INTO Classificacao VALUES(232493475, 2, 1,'Eliminatoria');

INSERT INTO Classificacao VALUES(755367564, 1, 4,'Eliminatoria');
INSERT INTO Classificacao VALUES(640708342, 2, 7,'Eliminatoria');
INSERT INTO Classificacao VALUES(490527968, 1, 8,'Eliminatoria');
INSERT INTO Classificacao VALUES(108129603, 2, 1,'Eliminatoria');
INSERT INTO Classificacao VALUES(289443867, 1, 2,'Eliminatoria');
INSERT INTO Classificacao VALUES(482036360, 2, 0,'Eliminatoria');
INSERT INTO Classificacao VALUES(337159639, 1, 5,'Eliminatoria');
INSERT INTO Classificacao VALUES(812457849, 2, 3,'Eliminatoria');
INSERT INTO Classificacao VALUES(647032341, 1, 2,'Eliminatoria');
INSERT INTO Classificacao VALUES(842725632, 2, 0,'Eliminatoria');

INSERT INTO Classificacao VALUES(440925049, 1, 1,'Eliminatoria');
INSERT INTO Classificacao VALUES(586010744, 2, 5,'Eliminatoria');
INSERT INTO Classificacao VALUES(342938934, 1, 0,'Eliminatoria');
INSERT INTO Classificacao VALUES(706734793, 2, 2,'Eliminatoria');
INSERT INTO Classificacao VALUES(774198838, 1, 4,'Eliminatoria');
INSERT INTO Classificacao VALUES(192724629, 2, 5,'Eliminatoria');
INSERT INTO Classificacao VALUES(327760545, 1, 3,'Eliminatoria');
INSERT INTO Classificacao VALUES(664020282, 2, 1,'Eliminatoria');
INSERT INTO Classificacao VALUES(452873720, 1, 4,'Eliminatoria');
INSERT INTO Classificacao VALUES(279968674, 2, 7,'Eliminatoria');
INSERT INTO Classificacao VALUES(402135087, 1, 8,'Eliminatoria');
INSERT INTO Classificacao VALUES(867567309, 2, 1,'Eliminatoria');
INSERT INTO Classificacao VALUES(214316401, 1, 1,'Eliminatoria');
INSERT INTO Classificacao VALUES(690549936, 2, 0,'Eliminatoria');
INSERT INTO Classificacao VALUES(211331354, 1, 5,'Eliminatoria');
INSERT INTO Classificacao VALUES(337070355, 2, 3,'Eliminatoria');
INSERT INTO Classificacao VALUES(837133825, 1, 2,'Eliminatoria');
INSERT INTO Classificacao VALUES(393744021, 2, 0,'Eliminatoria');
INSERT INTO Classificacao VALUES(883870725, 1, 5,'Eliminatoria');
INSERT INTO Classificacao VALUES(149612512, 2, 3,'Eliminatoria');

-- Final
INSERT INTO Classificacao VALUES(580495453, 1, 0,'Final');
INSERT INTO Classificacao VALUES(730906404, 2, 1,'Final');
INSERT INTO Classificacao VALUES(659652361, 1, 2,'Final');
INSERT INTO Classificacao VALUES(521672026, 1, 3,'Final');
INSERT INTO Classificacao VALUES(232493475, 2, 4,'Final');

INSERT INTO Classificacao VALUES(108129603, 2, 0,'Final');
INSERT INTO Classificacao VALUES(289443867, 1, 1,'Final');
INSERT INTO Classificacao VALUES(482036360, 2, 2,'Final');
INSERT INTO Classificacao VALUES(647032341, 1, 3,'Final');
INSERT INTO Classificacao VALUES(842725632, 2, 4,'Final');

INSERT INTO Classificacao VALUES(440925049, 1, 0,'Final');
INSERT INTO Classificacao VALUES(342938934, 1, 1,'Final');
INSERT INTO Classificacao VALUES(393744021, 2, 2,'Final');
INSERT INTO Classificacao VALUES(690549936, 2, 3,'Final');
INSERT INTO Classificacao VALUES(214316401, 1, 4,'Final');